SORT,LINK_ID
interver,7105059
interver,1038065
interver,1024953
interver,8106642
interver,1002028
interver,8900225
interver,1040984
interver,1069345
interver,1028502
interver,1090964
interver,8106473
interver,1068016
interver,8103689
interver,1026354
interver,1000845
interver,1053571
interver,1009826
interver,1061349
interver,1042259
interver,1057914
interver,1023146
interver,1020287
interver,1051569
interver,1019191
interver,7108999
interver,1032070
interver,1060860
interver,1025261
interver,1062660
interver,1077329
interver,1037317
interver,8104852
interver,1008036
interver,8106324
interver,8103899
interver,5101872
interver,1063166
interver,1034860
interver,7107786
interver,1047824
interver,8107122
interver,1028064
interver,1045157
interver,8897375
interver,1049158
interver,8106362
interver,1007409
interver,1078963
interver,1001479
interver,8571712
interver,1027062
interver,1076588
interver,1060157
interver,8101493
interver,1075703
interver,1033048
interver,5104385
interver,1033612
interver,8105570
interver,1056283
interver,1061528
interver,1024161
interver,1094344
interver,1020931
interver,7105096
interver,8899447
interver,8107569
interver,1021732
interver,8103318
interver,1004082
interver,1047104
interver,8571365
interver,8585601
interver,8898303
interver,1042528
interver,1039265
interver,1056442
interver,1046414
interver,1085162
interver,1048697
interver,8622500
interver,1054745
interver,1086947
interver,5102726
interver,1079935
interver,8608201
interver,8106010
interver,7107983
interver,8231900
interver,1001252
interver,1063647
interver,1008627
interver,1058832
interver,1055154
interver,1029817
interver,1064122
interver,8671300
interver,1045252
interver,1010060
interver,1032822
interver,1094667
interver,1076270
interver,1026140
interver,1086455
interver,1019869
interver,1085676
interver,1041746
interver,1043997
interver,7108977
interver,1064021
interver,5103522
interver,1083450
interver,8107163
interver,1003436
interver,5102078
interver,8103886
interver,1003280
interver,7109122
interver,1009280
interver,1075541
interver,8604301
interver,1081336
interver,1060217
interver,1010663
interver,1063237
interver,7107829
interver,1056488
interver,1040559
interver,8103793
interver,1012356
interver,8898659
interver,1077965
interver,1002897
interver,1086209
interver,1063436
interver,1052539
interver,8572053
interver,1054422
interver,1057484
interver,1040013
interver,1023372
interver,7108624
interver,1001052
interver,1043456
interver,7106632
interver,1002398
interver,1027114
interver,1023962
interver,1059165
interver,1024990
interver,1081118
interver,1007479
interver,1023239
interver,1073580
interver,1042715
interver,1026274
interver,1034003
interver,1077166
interver,1087460
interver,1000099
interver,1061486
interver,1074707
interver,1072827
interver,1021805
interver,8321700
interver,1005623
interver,1013223
interver,1060176
interver,1053237
interver,1056787
interver,1084359
interver,8524710
interver,1002709
interver,1020830
interver,1027264
interver,8252500
interver,1043715
interver,1040275
interver,1022377
interver,1017669
interver,5103990
interver,1022199
interver,1019802
interver,1029431
interver,1027986
interver,1066238
interver,1093324
interver,1061244
interver,1001884
interver,8895274
interver,1028084
interver,1050089
interver,1033170
interver,1009940
interver,5104060
interver,1055086
interver,1027506
interver,1063880
interver,1038429
interver,1042167
interver,8666701
interver,1032613
interver,1055853
interver,1035203
interver,8105630
interver,7108557
interver,1031591
interver,1092969
interver,1027906
interver,1089152
interver,1003421
interver,1006246
interver,1014775
interver,1035664
interver,1054982
interver,8166900
interver,1058511
interver,1044632
interver,1058001
interver,8892856
interver,1003382
interver,8896585
interver,1042737
interver,1055713
interver,1000697
interver,8106935
interver,5102563
interver,8618800
interver,8899003
interver,1048271
interver,1049660
interver,1032338
interver,1049361
interver,1083677
interver,8104469
interver,1042820
interver,1058725
interver,1028336
interver,1002158
interver,1026095
interver,1047729
interver,8900709
interver,1008686
interver,8638901
interver,1049392
interver,1028861
interver,1052834
interver,1079112
interver,1046577
interver,1025548
interver,8105252
interver,1061015
interver,1079519
interver,7105386
interver,1042324
interver,1064235
interver,8900027
interver,1039067
interver,8107422
interver,1060362
interver,1057079
interver,8894780
interver,1019823
interver,1022010
interver,1073321
interver,8105726
interver,1058881
interver,8892884
interver,1024383
interver,1065662
interver,1091123
interver,1055933
interver,1010891
interver,1004090
interver,1021059
interver,1001083
interver,7105730
interver,1025705
interver,1061854
interver,8105059
interver,1001728
interver,8895327
interver,1048943
interver,1043238
interver,1011569
interver,1027200
interver,1053778
interver,1042769
interver,1044211
interver,1084294
interver,1048988
interver,5102499
interver,1075350
interver,1015865
interver,1051972
interver,1090051
interver,1054089
interver,8893623
interver,8278200
interver,1064505
interver,1080365
interver,1055371
interver,8892970
interver,1003051
interver,1062314
interver,1071014
interver,8899830
interver,1040655
interver,1056179
interver,8622101
interver,8106436
interver,1006396
interver,1071966
interver,1061172
interver,1028939
interver,1078249
interver,1032472
interver,1048690
interver,1070324
interver,1053353
interver,1021494
interver,8894538
interver,1050120
interver,1035546
interver,1049045
interver,5103077
interver,1026125
interver,1033032
interver,1052626
interver,1030306
interver,8104903
interver,1075817
interver,1057120
interver,1009481
interver,1085459
interver,1062521
interver,1053538
interver,1042281
interver,1064362
interver,1085208
interver,1051772
interver,1045361
interver,1026489
interver,1074307
interver,8570893
interver,1040554
interver,1053840
interver,1002000
interver,1004242
interver,1052707
interver,1003361
interver,1018845
interver,8242110
interver,1083997
interver,1012816
interver,8104017
interver,1034054
interver,1051739
interver,7105570
interver,8183800
interver,1060441
interver,1012669
interver,8324700
interver,8897622
interver,8899629
interver,1056746
interver,1087583
interver,1061086
interver,7108949
interver,1066097
interver,1072337
interver,1096677
interver,1000902
interver,1079450
interver,8346400
interver,1052446
interver,1036024
interver,7109082
interver,1000631
interver,1010399
interver,1093036
interver,1020081
interver,1066524
interver,1072410
interver,8408200
interver,1076114
interver,1044117
interver,8152600
interver,1023359
interver,1008195
interver,1053287
interver,1056725
interver,1026604
interver,1044780
interver,1022065
interver,1006305
interver,1079891
interver,1001655
interver,1001956
interver,1040703
interver,1008266
interver,1006783
interver,5103929
interver,1082079
interver,1018595
interver,1025289
interver,1019529
interver,1023988
interver,1077204
interver,1028108
interver,1014633
interver,1060009
interver,1025971
interver,1038974
interver,1007630
interver,8892251
interver,1032090
interver,8900599
interver,1063415
interver,7105619
interver,7108893
interver,1039383
interver,8170900
interver,1071288
interver,1029657
interver,7109033
interver,1009535
interver,1022430
interver,8103512
interver,1024847
interver,1044444
interver,1092798
interver,1002591
interver,1049542
interver,1055214
interver,1025160
interver,1046215
interver,1039373
interver,1021591
interver,8105395
interver,1047998
interver,1041955
interver,1056016
interver,1044910
interver,1023548
interver,1007954
interver,1082188
interver,1059799
interver,1053179
interver,1031345
interver,1048168
interver,1063038
interver,8574601
interver,1026238
interver,1025110
interver,1000717
interver,1031985
interver,1010657
interver,8616001
interver,8103396
interver,1012739
interver,1026203
interver,1041160
interver,1038622
interver,1005214
interver,1054289
interver,8106916
interver,1015595
interver,1006571
interver,8106646
interver,1045460
interver,1063515
interver,1039141
interver,1085142
interver,1037052
interver,1044904
interver,1039654
interver,8104167
interver,8571252
interver,8102022
interver,1020241
interver,8896664
interver,1003123
interver,1042835
interver,8363400
interver,1078647
interver,1091967
interver,8431200
interver,1008840
interver,8888193
interver,1072470
interver,1050336
interver,1021622
interver,8100959
interver,1044825
interver,8291200
interver,8893839
interver,1063567
interver,1009427
interver,1010778
interver,1026647
interver,8900536
interver,1042198
interver,8578701
interver,1021520
interver,1056946
interver,5102999
interver,1087290
interver,1048812
interver,8106529
interver,1022309
interver,1007209
interver,8113910
interver,1049127
interver,1078913
interver,1056534
interver,8897338
interver,1046668
interver,1002734
interver,1059703
interver,1030730
interver,1010089
interver,1029301
interver,1023680
interver,1044395
interver,1005493
interver,1046500
interver,1053021
interver,1041371
interver,1019434
interver,1050067
interver,1037659
interver,1064055
interver,8571389
interver,8895693
interver,1014005
interver,1030864
interver,8900048
interver,1009813
interver,1056267
interver,1096069
interver,1043270
interver,8589601
interver,1001908
interver,1021933
interver,1056079
interver,1002512
interver,8892313
interver,8598801
interver,1010139
interver,5103876
interver,1009026
interver,1064264
interver,1062744
interver,8890428
interver,8263410
interver,8127000
interver,1055428
interver,1025970
interver,1045796
interver,1014343
interver,1070380
interver,1060322
interver,1070691
interver,1094607
interver,1034623
interver,1046793
interver,1007056
interver,1097455
interver,8613801
interver,1027463
interver,8107714
interver,7107369
interver,1043585
interver,1078820
interver,1049692
interver,1057164
interver,1020880
interver,1027658
interver,1051419
interver,1074781
interver,1061625
interver,8894224
interver,8900811
interver,1004734
interver,1026028
interver,8896921
interver,1036317
interver,1017704
interver,1062761
interver,1060744
interver,1057650
interver,1000668
interver,8106495
interver,1054256
interver,1053105
interver,8898370
interver,1062339
interver,1036610
interver,1052519
interver,1040899
interver,1070737
interver,1085868
interver,1063100
interver,8107699
interver,1057462
interver,1023807
interver,1069197
interver,8105094
interver,8564000
interver,1019831
interver,1053484
interver,1029354
interver,1054768
interver,1015641
interver,1004160
interver,1031494
interver,8129300
interver,7109014
interver,1077072
interver,8891319
interver,1004330
interver,1037517
interver,1058469
interver,1001738
interver,1055019
interver,1013527
interver,1070942
interver,1045177
interver,1081088
interver,1063556
interver,8899351
interver,1015918
interver,8897351
interver,8104975
interver,1076017
interver,1055349
interver,1043649
interver,1029671
interver,1001173
interver,1072372
interver,1008866
interver,7107845
interver,8218800
interver,1027780
interver,1004115
interver,1047762
interver,1025081
interver,8897194
interver,1076161
interver,8103879
interver,1079476
interver,1042644
interver,1074063
interver,8894319
interver,1089454
interver,1017975
interver,1055883
interver,1013690
interver,1079382
interver,1053025
interver,1021888
interver,1043236
interver,1002110
interver,1031510
interver,7108458
interver,1064012
interver,1043045
interver,7107802
interver,8352610
interver,7106896
interver,8101347
interver,1082607
interver,1055228
interver,1010301
interver,1062390
interver,1042159
interver,1097695
interver,1006799
interver,1055549
interver,1047274
interver,8896783
interver,1052402
interver,1075131
interver,1055163
interver,1021232
interver,1019263
interver,8900497
interver,1050438
interver,1062312
interver,1075643
interver,8896550
interver,1079414
interver,1026982
interver,8899951
interver,1050261
interver,8895296
interver,1002626
interver,1037987
interver,1028990
interver,8899962
interver,1040681
interver,1006636
interver,1089534
interver,1033499
interver,1073242
interver,1011947
interver,1028177
interver,8104925
interver,7108418
interver,1061545
interver,1065438
interver,7108125
interver,8899760
interver,8891749
interver,1067636
interver,1022163
interver,8570592
interver,1000909
interver,1024643
interver,1011820
interver,1024049
interver,1039207
interver,1078332
interver,1006905
interver,1054220
interver,1056540
interver,1063532
interver,8105234
interver,1018902
interver,1042540
interver,8154300
interver,1040080
interver,1029962
interver,1041304
interver,1023877
interver,1003519
interver,1096774
interver,1053381
interver,1071204
interver,1041039
interver,8227800
interver,1019220
interver,1051869
interver,8898279
interver,1027278
interver,1000148
interver,1048878
interver,1063294
interver,1044544
interver,1048216
interver,8106308
interver,1060590
interver,1027734
interver,1073094
interver,1045435
interver,1063227
interver,1070011
interver,1089045
interver,1072596
interver,1089691
interver,1008981
interver,1038215
interver,1055092
interver,1032343
interver,1022579
interver,1007345
interver,1027079
interver,1032212
interver,7106875
interver,1053606
interver,1023269
interver,1001531
interver,1033392
interver,1044805
interver,1043676
interver,1054034
interver,1056005
interver,1041538
interver,5102961
interver,1024928
interver,1027090
interver,1010991
interver,1089354
interver,1059434
interver,1028916
interver,1061491
interver,8103862
interver,1029396
interver,1027605
interver,8106331
interver,1005332
interver,1021266
interver,1020323
interver,1091360
interver,1042013
interver,1056566
interver,8570962
interver,1088619
interver,1061347
interver,1064354
interver,1051440
interver,8302210
interver,1011181
interver,5102245
interver,8894878
interver,1073708
interver,8897680
interver,5103783
interver,1046362
interver,8896855
interver,8106671
interver,1053140
interver,5104171
interver,1029915
interver,8892986
interver,1037278
interver,1062986
interver,1019897
interver,1001017
interver,1045828
interver,7105663
interver,1047836
interver,1039480
interver,1042376
interver,8891966
interver,8900171
interver,1062283
interver,1055451
interver,1095176
interver,1037664
interver,1054838
interver,1025787
interver,1006766
interver,5102189
interver,1026891
interver,1061788
interver,1049379
interver,1055222
interver,1029262
interver,1036184
interver,1059808
interver,1088047
interver,1042105
interver,1005113
interver,8581601
interver,1038916
interver,1010845
interver,8113110
interver,1028451
interver,8900179
interver,7105989
interver,1010805
interver,1058517
interver,1049794
interver,8105951
interver,1064216
interver,1042671
interver,1019760
interver,1066703
interver,1018274
interver,8107393
interver,1059108
interver,8212500
interver,8571644
interver,1008768
interver,1077286
interver,1019327
interver,1004063
interver,1028011
interver,1056879
interver,1034151
interver,1025635
interver,1014158
interver,1097127
interver,8105408
interver,1027721
interver,1077493
interver,8104725
interver,1010703
interver,1048947
interver,1004714
interver,1048639
interver,1055174
interver,1001077
interver,8208010
interver,1091930
interver,7109059
interver,8894322
interver,1082000
interver,1057182
interver,8893972
interver,1008589
interver,1022974
interver,1047318
interver,1030527
interver,8895464
interver,7108464
interver,1032802
interver,1053119
interver,1040566
interver,1011417
interver,1092887
interver,8892973
interver,1097256
interver,1033096
interver,1003956
interver,1078537
interver,1023601
interver,8230500
interver,1000799
interver,1040169
interver,8646101
interver,1072303
interver,1016716
interver,1093371
interver,1096814
interver,1019471
interver,1042228
interver,1064045
interver,7106419
interver,1030336
interver,1046545
interver,8101127
interver,5102828
interver,1014607
interver,1006053
interver,5102659
interver,1018702
interver,1061165
interver,1084928
interver,8900334
interver,1019903
interver,1062254
interver,1062009
interver,1008828
interver,1044470
interver,8172310
interver,1095453
interver,1000635
interver,7108994
interver,8899719
interver,8893479
interver,1050298
interver,1000570
interver,8159400
interver,1074286
interver,7108213
interver,8571375
interver,1006449
interver,1039114
interver,1030412
interver,1056719
interver,1035002
interver,5103290
interver,1047262
interver,1007821
interver,1079217
interver,1043418
interver,8571213
interver,1062032
interver,1018799
interver,1075776
interver,1073741
interver,1020772
interver,1027705
interver,8893570
interver,1001702
interver,1001223
interver,1084406
interver,1024026
interver,1036235
interver,8196610
interver,8895830
interver,1029197
interver,1031867
interver,8193600
interver,1049496
interver,1061341
interver,1091693
interver,1069687
interver,7108766
interver,8571269
interver,1042346
interver,1046568
interver,7109048
interver,1070227
interver,1020650
interver,8105127
interver,1045120
interver,8210700
interver,8253000
interver,8101909
interver,1083107
interver,1034157
interver,8895300
interver,1076815
interver,1074574
interver,1054303
interver,1063654
interver,1043847
interver,1032053
interver,1019880
interver,8891759
interver,8107239
interver,1054319
interver,1045065
interver,1079616
interver,1023457
interver,8895538
interver,1060988
interver,8326400
interver,1019629
interver,1087499
interver,8894947
interver,1058672
interver,1063962
interver,8103154
interver,1007613
interver,1032442
interver,8106262
interver,1048398
interver,1025033
interver,7105462
interver,1079717
interver,7109435
interver,5102678
interver,5103997
interver,1056121
interver,1058782
interver,1090533
interver,1005449
interver,5102623
interver,1050074
interver,8900310
interver,8890593
interver,8337100
interver,1004140
interver,8127200
interver,1056638
interver,1082932
interver,1017076
interver,8898378
interver,1034650
interver,1063477
interver,1019959
interver,1012550
interver,1023996
interver,1063836
interver,7105290
interver,8890402
interver,1001035
interver,1002978
interver,1067915
interver,8126010
interver,1003995
interver,1062952
interver,1062811
interver,1003629
interver,1062378
interver,1071538
interver,8185600
interver,8284600
interver,8597101
interver,1076675
interver,1014692
interver,1053886
interver,8104380
interver,1008901
interver,1003532
interver,1061186
interver,8293010
interver,7107916
interver,1015339
interver,1064565
interver,1019189
interver,1056411
interver,8892522
interver,1028211
interver,8286200
interver,1046938
interver,7106293
interver,1051551
interver,1043763
interver,1043488
interver,1013610
interver,7107755
interver,8891128
interver,8103367
interver,1001133
interver,8890644
interver,1023235
interver,1055742
interver,1061984
interver,1002410
interver,1070878
interver,8149300
interver,1027030
interver,1087767
interver,1074415
interver,1003252
interver,1059446
interver,1013760
interver,8895746
interver,8104552
interver,1004771
interver,1062805
interver,8899955
interver,1008316
interver,1004540
interver,1031096
interver,1060377
interver,1010498
interver,1093858
interver,1012183
interver,7109104
interver,1045865
interver,1060532
interver,8107478
interver,1002832
interver,1002358
interver,1050425
interver,8893665
interver,8107213
interver,1045864
interver,1001219
interver,1023282
interver,1001385
interver,1075288
interver,1040926
interver,1045127
interver,1039460
interver,7109397
interver,7107412
interver,8892222
interver,1002306
interver,1022333
interver,1031434
interver,8587701
interver,1046628
interver,1082459
interver,1004906
interver,8898922
interver,1094407
interver,1029579
interver,1054726
interver,1028269
interver,1020137
interver,1041122
interver,1058270
interver,1026633
interver,1038754
interver,1030167
interver,1018434
interver,1044529
interver,1039966
interver,1045814
interver,7108638
interver,8231010
interver,1045568
interver,1061885
interver,1076925
interver,8891639
interver,7107937
interver,1009834
interver,1000692
interver,8895441
interver,1084240
interver,1030886
interver,1079741
interver,1019810
interver,1030303
interver,7106073
interver,8890432
interver,1014055
interver,1003208
interver,1003976
interver,1040972
interver,1081161
interver,8896437
interver,1031392
interver,1045762
interver,1011751
interver,8100992
interver,1031214
interver,1045310
interver,1074531
interver,1056538
interver,1027128
interver,1091231
interver,1039061
interver,8899532
interver,1015139
interver,8894763
interver,1010589
interver,1088905
interver,8102370
interver,8891340
interver,1046559
interver,1048694
interver,1043908
interver,1028484
interver,1059823
interver,1095388
interver,7106278
interver,1032274
interver,5103974
interver,8899300
interver,1075044
interver,1052613
interver,8592500
interver,1000609
interver,1068689
interver,8631211
interver,1074717
interver,1030050
interver,1004440
interver,1059566
interver,8892759
interver,7108116
interver,1055633
interver,1067208
interver,1048800
interver,1021380
interver,1055058
interver,1085925
interver,8106378
interver,8105467
interver,8892945
interver,1051856
interver,1025156
interver,1047698
interver,1002209
interver,8102277
interver,1044728
interver,1003373
interver,1020557
interver,8102030
interver,8899728
interver,1053879
interver,8900402
interver,1028560
interver,1064051
interver,8891165
interver,7108954
interver,1052207
interver,1042075
interver,8598400
interver,1046055
휴게소,1035777
휴게소,1081367
휴게소,1034295
휴게소,8894438
휴게소,8892077
휴게소,8891862
휴게소,8100875
휴게소,8891856
휴게소,8895119
휴게소,8891894
휴게소,8895124
휴게소,1091066
휴게소,8894546
휴게소,8896139
휴게소,8896076
휴게소,8893510
휴게소,1048916
휴게소,1092753
휴게소,8895130
휴게소,8892653
휴게소,1052588
휴게소,8892591
휴게소,8896010
휴게소,8896009
휴게소,8895133
휴게소,8895960
휴게소,1066194
휴게소,8894427
휴게소,8896012
휴게소,8622201
휴게소,8895134
휴게소,8892558
휴게소,8895125
휴게소,8894693
휴게소,8571416
휴게소,1027347
휴게소,1034295
휴게소,8891500
휴게소,1021444
휴게소,8100998
휴게소,8572018
휴게소,1089952
휴게소,8892365
휴게소,8892364
휴게소,1044154
휴게소,1045077
휴게소,1045148
휴게소,8894402
휴게소,8894400
휴게소,1095064
휴게소,8892586
휴게소,8892588
휴게소,8890578
휴게소,8890610
휴게소,8896055
휴게소,8896056
휴게소,8896044
휴게소,8896165
휴게소,8896164
휴게소,8896959
휴게소,8896958
휴게소,8894392
휴게소,8894690
휴게소,8890650
휴게소,8890655
휴게소,8890586
휴게소,8896040
휴게소,8895136
휴게소,8890906
휴게소,8898346
휴게소,8898347
휴게소,1013519
휴게소,8890782
휴게소,8890661
휴게소,8890623
휴게소,8896042
휴게소,8891580
휴게소,8895141
휴게소,8890690
휴게소,8890735
휴게소,8891384
휴게소,8893624
휴게소,8890676
휴게소,8890689
휴게소,8891405
휴게소,8891364
휴게소,8891434
휴게소,8891568
휴게소,8891569
휴게소,8894410
휴게소,8891426
휴게소,1022849
휴게소,8671200
휴게소,1026198
휴게소,1026196
휴게소,8891418
휴게소,8891451
휴게소,8102126
휴게소,8891957
휴게소,8891843
휴게소,8891842
휴게소,8890975
휴게소,8896988
휴게소,8895155
휴게소,8890943
휴게소,8891789
휴게소,1010616
휴게소,8895241
휴게소,8895240
휴게소,8891920
휴게소,8895161
휴게소,8895242
휴게소,8102159
휴게소,8102172
휴게소,8895243
휴게소,8895188
휴게소,8895189
휴게소,8891540
휴게소,8894341
휴게소,8891711
휴게소,8891673
휴게소,8891686
휴게소,8891724
휴게소,8892409
휴게소,8895158
휴게소,8101262
휴게소,8101371
휴게소,8892134
휴게소,8101255
휴게소,8101256
휴게소,7108710
휴게소,7108727
휴게소,1039703
휴게소,8894119
휴게소,8891866
휴게소,8891933
휴게소,1032140
휴게소,8894791
휴게소,8894789
휴게소,8892466
휴게소,8892455
휴게소,8895176
휴게소,8895175
휴게소,8899159
휴게소,8899153
휴게소,8895167
휴게소,8891985
휴게소,8895170
휴게소,8895169
휴게소,8892568
휴게소,8892569
휴게소,8101281
휴게소,8892168
휴게소,8892572
휴게소,8892543
휴게소,8896091
휴게소,8896168
휴게소,8892163
휴게소,8892162
휴게소,8892199
휴게소,8894323
휴게소,8892804
휴게소,8893506
휴게소,8892826
휴게소,8892824
휴게소,8894213
휴게소,8892888
휴게소,1095354
휴게소,1042646
휴게소,8892213
휴게소,8892788
휴게소,8892749
휴게소,8892732
휴게소,8892616
휴게소,1051852
휴게소,8892809
휴게소,8892714
휴게소,8892328
휴게소,1051626
휴게소,8892614
휴게소,8892224
휴게소,8892221
휴게소,8894193
휴게소,8894192
휴게소,8894731
휴게소,5104130
휴게소,8101454
휴게소,8102031
휴게소,1061679
휴게소,1061662
휴게소,8892896
휴게소,1057263
휴게소,8895819
휴게소,8896169
휴게소,8894893
휴게소,8895001
휴게소,8894896
휴게소,8895002
휴게소,8894133
휴게소,8101266
휴게소,1038923
휴게소,1095463
휴게소,8890823
휴게소,8890831
휴게소,8891786
휴게소,8890994
휴게소,8894421
휴게소,8894425
휴게소,8341000
휴게소,8340800